Company Name,Location,# Employees,Company Url
"Ionis Pharmaceuticals, Inc.",United States,703,https://www.linkedin.com/company/ionis-pharmaceuticals
"Ionis Pharmaceuticals, Inc.",Greater San Diego Area,528,https://www.linkedin.com/company/ionis-pharmaceuticals
"Ionis Pharmaceuticals, Inc.",Greater Boston Area,30,https://www.linkedin.com/company/ionis-pharmaceuticals
"Ionis Pharmaceuticals, Inc.",Greater Los Angeles Area,21,https://www.linkedin.com/company/ionis-pharmaceuticals
"Ionis Pharmaceuticals, Inc.","Orange County, California Area",17,https://www.linkedin.com/company/ionis-pharmaceuticals
"Ionis Pharmaceuticals, Inc.",San Francisco Bay Area,11,https://www.linkedin.com/company/ionis-pharmaceuticals
"Ionis Pharmaceuticals, Inc.","Raleigh-Durham, North Carolina Area",9,https://www.linkedin.com/company/ionis-pharmaceuticals
"Ionis Pharmaceuticals, Inc.",Greater New York City Area,8,https://www.linkedin.com/company/ionis-pharmaceuticals
"Ionis Pharmaceuticals, Inc.",United Kingdom,6,https://www.linkedin.com/company/ionis-pharmaceuticals
"Ionis Pharmaceuticals, Inc.",India,6,https://www.linkedin.com/company/ionis-pharmaceuticals
"Ionis Pharmaceuticals, Inc.",Greater Philadelphia Area,6,https://www.linkedin.com/company/ionis-pharmaceuticals
"Ionis Pharmaceuticals, Inc.",Italy,5,https://www.linkedin.com/company/ionis-pharmaceuticals
"Ionis Pharmaceuticals, Inc.",Pakistan,5,https://www.linkedin.com/company/ionis-pharmaceuticals
"Ionis Pharmaceuticals, Inc.",Germany,4,https://www.linkedin.com/company/ionis-pharmaceuticals
"Ionis Pharmaceuticals, Inc.",Egypt,4,https://www.linkedin.com/company/ionis-pharmaceuticals
Arcturus Therapeutics,United States,166,https://www.linkedin.com/company/arcturus-therapeutics
Arcturus Therapeutics,Greater San Diego Area,134,https://www.linkedin.com/company/arcturus-therapeutics
Arcturus Therapeutics,Greater Boston Area,7,https://www.linkedin.com/company/arcturus-therapeutics
Arcturus Therapeutics,Greater Los Angeles Area,5,https://www.linkedin.com/company/arcturus-therapeutics
Arcturus Therapeutics,Greater New York City Area,3,https://www.linkedin.com/company/arcturus-therapeutics
Arcturus Therapeutics,"Orange County, California Area",2,https://www.linkedin.com/company/arcturus-therapeutics
Arcturus Therapeutics,Canada,1,https://www.linkedin.com/company/arcturus-therapeutics
Arcturus Therapeutics,"Calgary, Canada Area",1,https://www.linkedin.com/company/arcturus-therapeutics
Arcturus Therapeutics,Switzerland,1,https://www.linkedin.com/company/arcturus-therapeutics
Arcturus Therapeutics,"Lucerne Area, Switzerland",1,https://www.linkedin.com/company/arcturus-therapeutics
Arcturus Therapeutics,Israel,1,https://www.linkedin.com/company/arcturus-therapeutics
Arcturus Therapeutics,Netherlands,1,https://www.linkedin.com/company/arcturus-therapeutics
Arcturus Therapeutics,"Rotterdam Area, Netherlands",1,https://www.linkedin.com/company/arcturus-therapeutics
Arcturus Therapeutics,Greater Chicago Area,1,https://www.linkedin.com/company/arcturus-therapeutics
Arcturus Therapeutics,"Columbus, Ohio Area",1,https://www.linkedin.com/company/arcturus-therapeutics
